insert into clients (id, nom, prenom) values (1,'Lecompte','Daniel');
insert into clients (id, nom, prenom) values (2,'Dupont','Francois');
insert into clients (id, nom, prenom) values (3,'Lavitre','Gaston');
insert into clients (id, nom, prenom) values (4,'Lefoque','Gertrude');
insert into clients (id, nom, prenom) values (5,'Leroux','Mireille');
insert into clients (id, nom, prenom) values (6,'Safer','Roger');
insert into clients (id, nom, prenom) values (7,'Guillon','Arnaud');
insert into clients (id, nom, prenom) values (8,'Hermit','Emille');
insert into clients (id, nom, prenom) values (9,'Loger','Mathieu');
insert into clients (id, nom, prenom) values (10,'Polin','Sophie');
insert into clients (id, nom, prenom) values (11,'Riguaut','Gauthier');
insert into clients (id, nom, prenom) values (12,'Lacruche','Jerome');
insert into marques (id, nom) values (1, 'Audi');
insert into marques (id, nom) values (2, 'Golf');
insert into marques (id, nom) values (3, 'Renault');
insert into marques (id, nom) values (4, 'Peugeot');
insert into marques (id, nom) values (5, 'Smart');
insert into voitures (id, serie, marques_id, clients_id) values (1,'RS', 1, 1);
insert into voitures (id, serie, marques_id, clients_id) values (2,'TT', 1, 2);
insert into voitures (id, serie, marques_id, clients_id) values (3,'R8', 1, 3);
insert into voitures (id, serie, marques_id, clients_id) values (4,'GT', 2, 1);
insert into voitures (id, serie, marques_id, clients_id) values (5,'205', 3, 1);
insert into voitures (id, serie, marques_id, clients_id) values (6,'206', 3, 2);
insert into voitures (id, serie, marques_id, clients_id) values (7,'207', 3, 3);
insert into voitures (id, serie, marques_id, clients_id) values (8,'208', 3, 1);
insert into concessionnaires (id, nom) values (1, 'Audi');
insert into concessionnaires (id, nom) values (2, 'Peugeot');
insert into concessionnaires (id, nom) values (3, 'Smart');
insert into concessionnaires (id, nom) values (4, 'Mercedes');
insert into concessionnaires (id, nom) values (5, 'Renault');
insert into adresses (id, adresse, concessionnaires_id) values (1,'257 rue Denvert', 1);
insert into adresses (id, adresse, concessionnaires_id) values (2,'647 rue Denvert', 1);
insert into adresses (id, adresse, concessionnaires_id) values (3,'66 impasses du camember', 1);
insert into adresses (id, adresse, concessionnaires_id) values (4,'65 rue du général', 2);
insert into adresses (id, adresse, concessionnaires_id) values (5,'32 rue saint clair', 3);
insert into adresses (id, adresse, concessionnaires_id) values (6,'708 boulevard van gogh', 4);
insert into adresses (id, adresse, concessionnaires_id) values (7,'6 rue du chapon', 5);
insert into concessionnaires_marques (concessionnaires_id, marques_id) values (1,1);
insert into concessionnaires_marques (concessionnaires_id, marques_id) values (1,2);
insert into concessionnaires_marques (concessionnaires_id, marques_id) values (1,3);
insert into concessionnaires_marques (concessionnaires_id, marques_id) values (2,1);
insert into concessionnaires_marques (concessionnaires_id, marques_id) values (3,1);
